Region,Task,Information,Requirements,Pts
Global,Task,Information,Requirements,Pts
Anachronia,Set sail for Anachronia.,Set sail for Anachronia on The Stormbreaker docked at Varrock Dig Site .,N/A,10
Anachronia,Complete the base camp tutorial.,Complete the base camp tutorial.,N/A,10
Anachronia,Observe all the large dragonkin statues around Anachronia.,Observe all the large dragonkin statues around Anachronia .,N/A,10
Anachronia,Surge under the spine on Anachronia.,Surge under the spine on Anachronia,5 Agility,10
Anachronia,Complete the miniquest: Helping Laniakea.,Complete the miniquest: Helping Laniakea .,See miniquest page,10
Anachronia,"Complete the quest: Raksha, the Shadow Colossus.","Complete Raksha, the Shadow Colossus quest.",See quest page,10
Anachronia,Obtain 100 potent herbs from Herby Werby.,Obtain 100 potent herbs from Herby Werby .,N/A,10
Asgarnia,Complete a lap of the Burthorpe Agility course.,Complete a lap of the Burthorpe Agility Course .,N/A,10
Asgarnia,Kill a goblin raider boss in the Goblin Village.,Kill 15 goblins in the Goblin Village to spawn a goblin raider boss .,N/A,10
Asgarnia,Get Harvey's ball back from the scary lady.,Complete Witch's House .,See quest page,10
Asgarnia,Sit down with Sir Tiffy in Falador park.,Sit on the bench with Sir Tiffy Cashien in Falador Park .,N/A,10
Asgarnia,Pray to Bandos's remains.,Pray to Bandos's remains (just south-east of Goblin Village ).,N/A,10
Asgarnia,Dance in the Falador party room.,Dance in the Falador party room .,N/A,10
Asgarnia,Give Thurgo a redberry pie.,Give Thurgo a redberry pie .,10 Cooking,10
Asgarnia,Build a God statue in Taverley.,Build a God statue in Taverley .,Completion of Let Them Eat Pie,10
Asgarnia,Teleport to Castle Wars with a Ring of Dueling.,Teleport to Castle Wars with a ring of duelling .,27 Magic 27 Crafting Materials to make a ring of duelling,10
Desert,Enter Menaphos.,Enter Menaphos .,N/A,10
Desert,Catch a whirligig at Het's Oasis.,Catch a whirligig at Het's Oasis .,N/A,10
Desert,Search the Grand Gold Chest in room 1 of Pyramid Plunder in Sophanem.,Search the grand gold chest in room 1 of Pyramid Plunder in Sophanem .,21 Thieving,10
Desert,Search the Grand Gold Chest in room 2 of Pyramid Plunder in Sophanem.,Search the grand gold chest in room 2 of Pyramid Plunder in Sophanem .,31 Thieving,10
Desert,Search the Grand Gold Chest in room 3 of Pyramid Plunder in Sophanem.,Search the grand gold chest in room 3 of Pyramid Plunder in Sophanem .,41 Thieving,10
Desert,Mine a gem rock at the Al Kharid mine.,Mine a gem rock at the Al Kharid mine . Common gem rocks can be mined with level 1 Mining.,N/A,10
Desert,Kill a crocodile.,Kill a crocodile .,N/A,10
Desert,Create a spirit kalphite pouch at the obelisk south west of Pollnivneach.,Create a spirit kalphite pouch at the obelisk south west of Pollnivneach .,"25 Summoning A pouch , 51 spirit shards , a blue charm , and a potato cactus",10
Desert,Squish 10 corrupted scarabs.,Squish 10 corrupted scarabs .,N/A,10
Desert,Hand Simon Templeton a pyramid top.,"Get a pyramid top by climbing to the top of the Agility Pyramid , then trade it to Simon Templeton at the base of the pyramid.",30 Agility,10
Desert,Use any of the magic carpets in the desert.,Use any of the magic carpets in the desert.,"1,000",10
Desert,Harvest a rose at Het's Oasis.,Harvest a rose at Het's Oasis .,30 Farming,10
Fremennik,Switch to the Lunar Spellbook at the astral altar.,Switch to the Lunar Spellbook at the astral altar .,N/A,10
Fremennik,Defeat a rock crab in the Fremennik Province.,Defeat a rock crab in the Fremennik Province .,N/A,10
Fremennik,Defeat a cockatrice in the Fremennik Province.,Defeat a cockatrice in the Fremennik Province .,25 Slayer A mirror shield,10
Fremennik,Defeat a troll in the Fremennik Province.,Defeat a troll in the Fremennik Province . Many ice troll variants can be found on the Fremennik Isles .,N/A,10
Fremennik,Deposit an item with Peer the Seer.,Deposit an item with Peer the Seer .,Completion of the easy Fremennik achievements,10
Fremennik,Use the bank on Jatizso or Neitiznot.,Use the Bank on Jatizso or Neitiznot .,N/A,10
Fremennik,Catch a sapphire glacialis.,Catch a sapphire glacialis . They can only be caught at the Rellekka Hunter area .,25 Hunter A butterfly net and jar,10
Global,Level up any of your skills for the first time.,Level up any of your skills for the first time.,N/A,10
Global,Reach level 5 in any skill.,Reach level 5 in any skill.,Any skill at level 5,10
Global,Reach level 10 in any skill.,Reach level 10 in any skill.,Any skill at level 10,10
Global,Reach level 20 in any skill.,Reach level 20 in any skill.,Any skill at level 20,10
Global,Reach combat level 5.,Reach combat level 5.,5 combat level,10
Global,Reach combat level 10.,Reach combat level 10.,10 combat level,10
Global,Reach total level 50.,Reach total level 50.,50 total level,10
Global,Reach total level 100.,Reach total level 100.,100 total level,10
Global,Mine a copper ore.,Mine copper ore from a copper rock .,N/A,10
Global,Mine 10 copper ore.,Mine 10 copper ore .,N/A,10
Global,Mine a tin ore.,Mine tin ore from a tin rock .,N/A,10
Global,Mine 10 tin ore.,Mine 10 tin ore .,N/A,10
Global,Smelt a bronze bar.,Smelt a bronze bar (requires 1 tin and 1 copper ore ).,N/A,10
Global,Smelt 10 bronze bars.,Smelt 10 bronze bars .,N/A,10
Global,Smith any bronze item.,Smith any bronze item.,N/A,10
Global,Mine clay.,Mine clay .,N/A,10
Global,Make soft clay.,Make soft clay by using clay on a water source or with a container of water.,N/A,10
Global,Mine any ore 5 times.,Mine any ore 5 times.,N/A,10
Global,Chop any tree 5 times.,Chop any tree 5 times.,N/A,10
Global,Chop a basic tree.,Chop a basic tree .,N/A,10
Global,Chop 10 basic trees.,Chop 10 basic trees .,N/A,10
Global,Chop an oak tree.,Chop an oak tree.,10 Woodcutting,10
Global,Burn any logs.,Burn any logs .,N/A,10
Global,Burn any logs 5 times.,Burn any logs 5 times.,N/A,10
Global,Catch a shrimp.,Catch raw shrimps by using the net option at a net/bait fishing spot .,N/A,10
Global,Catch 10 shrimp.,Catch 10 raw shrimps .,N/A,10
Global,Catch an anchovy.,Catch raw anchovies by using the net option at a net/bait fishing spot .,15 Fishing,10
Global,Catch a herring.,Catch a raw herring by using the bait option at a net/bait fishing spot,10 Fishing,10
Global,"Cook shrimp, meat, or chicken.","Cook raw shrimps , raw meat , or raw chicken .",N/A,10
Global,"Cook 10 shrimp, meat, or chicken.","Cook 10 raw shrimps , raw meat , or raw chicken .",N/A,10
Global,Burn any food.,Burn any food.,N/A,10
Global,Catch any fish 5 times.,Catch any fish 5 times.,N/A,10
Global,Bury any bones.,Bury any bones .,N/A,10
Global,Bury any bones 10 times.,Bury any bones 10 times.,N/A,10
Global,"Activate the thick skin, rock skin, or steel skin prayer.","Activate the Thick Skin , Rock Skin , or Steel Skin prayer.",N/A,10
Global,Run out of prayer points.,Run out of Prayer points .,N/A,10
Global,Harvest any memory from a wisp 5 times.,Harvest any memory from a wisp 5 times.,N/A,10
Global,Pickpocket from a man or woman.,Pickpocket from a man or woman .,N/A,10
Global,Pickpocket from a man or woman 10 times.,Pickpocket from a man or woman 10 times.,N/A,10
Global,Steal from any stall.,Steal from any stall .,2 Thieving for Vegetable Stalls,10
Global,Steal from any stall 10 times.,Steal from any stall 10 times.,2 Thieving for Vegetable Stalls,10
Global,Pickpocket anyone 5 times.,Pickpocket anyone 5 times.,N/A,10
Global,Rake any farming patch.,Rake any farming patch .,N/A,10
Global,Plant seeds in any farming patch.,Plant seeds in any farming patch .,N/A,10
Global,Plant seeds in any farming patch 10 times.,Plant seeds in any farming patch 10 times.,N/A,10
Global,Add any compostable item to a compost bin.,Add any compostable item to a compost bin .,N/A,10
Global,Have a tool leprechaun note any produce.,Have a tool leprechaun note any produce.,N/A,10
Global,Use the Home Teleport spell to return to Lumbridge.,Use the Home Teleport spell to return to Lumbridge .,N/A,10
Global,Eat a cabbage.,Eat a cabbage .,N/A,10
Global,Eat a baked potato.,Eat a baked potato . You will need to get a raw potato and cook it at a range .,N/A,10
Global,Eat an onion.,Eat an onion .,N/A,10
Global,Kill an imp.,Kill an imp .,N/A,10
Global,Kill a chicken.,Kill a chicken .,N/A,10
Global,Claim a free item from any store.,Claim a free item from any store e.g. a tinderbox from Lumbridge General Store,N/A,10
Global,Return a free item to any store.,Return a free item to any store e.g. a tinderbox from Lumbridge General Store,N/A,10
Global,Sell an item to any store.,Sell an item to any store .,N/A,10
Global,Listen to any musician.,Listen to any musician .,N/A,10
Global,Pick wheat from a field.,Pick wheat from a field.,N/A,10
Global,Prospect any rock.,Prospect any rock .,N/A,10
Global,View the skillguide.,View the skill guide .,N/A,10
Global,Create a Guthix rest potion.,Create a Guthix rest potion.,18 Herblore Partial completion of One Small Favour,10
Global,Make 5 potions of any kind.,Make 5 potions of any kind.,N/A,10
Global,Drink a strength potion.,Drink a strength potion .,Giving a limpwurt root and red spiders' eggs to the Apothecary,10
Global,Make an attack potion.,Make an attack potion .,A clean guam and an eye of newt,10
Global,Make a necromancy potion.,Make a necromancy potion .,11 Herblore A clean marrentill and cadava berries,10
Global,Clean 5 grimy guam.,Clean 5 grimy guam .,5 grimy guam,10
Global,Clean 15 grimy tarromin.,Clean 15 grimy tarromin .,5 Herblore 15 grimy tarromin,10
Global,Clean 5 of any herb.,Clean 5 of any herb.,5 of any grimy herb,10
Global,Clean 10 of any herb,Clean 10 of any herb,10 of any grimy herb,10
Global,Fletch an oak shortbow (unstrung).,Fletch an unstrung oak shortbow .,10 Fletching Oak logs,10
Global,Fletch some arrow shafts.,Fletch some arrow shafts .,Logs of any kind,10
Global,Fletch 50 bronze bolts.,Fletch 50 bronze bolts .,3 Fletching A bronze bar and 50 feathers,10
Global,Complete 10 laps of any agility course.,Complete 10 laps of any Agility course .,N/A,10
Global,Smith 10 of any metal weapon or armour piece.,Smith 10 of any metal weapon or armour piece.,10 of any metal bar,10
Global,Open 30 sedimentary geodes.,Open 30 sedimentary geodes . These are found randomly while mining.,N/A,10
Global,Maintain nearly maximum stamina when mining for 60 seconds.,Maintain nearly maximum stamina by re-clicking the rock everytime the stamina (yellow) bar decreases when mining for 60 seconds. See My Sick Four Tick Trick for more information.,N/A,10
Global,Harvest a grimy marrentill.,Harvest a grimy marrentill .,9 Farming Marrentill seed,10
Global,Harvest 10 grimy tarromin.,Harvest 10 grimy tarromin .,19 Farming Tarromin seeds,10
Global,Cook 5 fish.,Cook 5 fish .,5 of any raw fish,10
Global,Make some bread.,"Make some bread . Bread dough can be created by using a pot of flour with water, it must be cooked at a range .",Bread dough,10
Global,Make some flour.,Make a pot of flour by grinding wheat at a windmill and collecting the flour in an empty pot .,Wheat,10
Global,Offer 5 bones of any kind to an altar.,"Offer 5 bones ( ashes also work) at the chaos altar in the Wilderness, the altar in Fort Forinthry, or an altar in the player-owned house chapel",N/A,10
Global,Offer 25 bones of any kind to an altar.,"Offer 25 bones ( ashes also work) at the chaos altar in the Wilderness, the altar in Fort Forinthry, or an altar in the player-owned house chapel",N/A,10
Global,Scatter some ashes.,Scatter some ashes .,Any demonic ashes,10
Global,Scatter 25 ashes of any kind.,Scatter 25 ashes of any kind.,25 of any demonic ashes,10
Global,Restore 50 prayer points at an altar at once.,Restore 50 Prayer Points at an Altar at once.,5 Prayer,10
Global,Activate Superhuman or Ultimate Strength and Improved or Incredible Reflexes prayers at the same time.,Activate Superhuman or Ultimate Strength and Improved or Incredible Reflexes prayers at the same time.,16 Prayer,10
Global,Catch a baby impling.,Catch a baby impling . Cannot be completed in Puro-Puro .,17 Hunter,10
Global,Catch 10 implings of any kind.,Catch 10 implings. Cannot be completed in Puro-Puro .,17 Hunter,10
Global,Catch 5 Hunter creatures.,Catch 5 Hunter creatures.,N/A,10
Global,Complete 5 Slayer tasks.,Complete 5 Slayer assignments .,N/A,10
Global,Pick 5 flax.,Pick 5 flax from flax fields.,N/A,10
Global,Spin 5 bowstring.,Spin 5 bowstrings by using flax on a spinning wheel .,5 flax,10
Global,Surge a distance of one tile.,Surge a distance of one tile.,5 Agility,10
Global,Spin a ball of wool.,Spin a ball of wool by using wool at a spinning wheel .,Wool,10
Global,Equip a full set of iron armour without any upgrades.,"Equip an iron full helm , iron platebody , iron platelegs / iron plateskirt , iron gauntlets , and iron armoured boots . Substitutes for pieces (e.g. med helm instead of full helm, chainbody instead of platebody) will work. Iron armour can be bought at Horvik's Armour Shop .",10 Defence,10
Global,Equip a full set of green dragonhide armour.,"Equip a green dragonhide coif , green dragonhide body , green dragonhide chaps , green dragonhide vambraces , and green dragonhide boots . These can all be bought at Lowe's Archery Emporium .",40 Defence,10
Global,Equip a full set of imphide robes.,"Equip an imphide hood , imphide robe top , imphide robe bottom , imphide gloves , and imphide boots . Imphide armour can be bought at Zaff's Superior Spellcasting .",10 Defence,10
Global,Equip a full set of spider silk robes.,"Equip a spider silk hood , spider silk robe top , spider silk robe bottom , spider silk gloves , and spider silk boots . Spider silk armour can be bought at Zaff's Superior Spellcasting .",20 Defence,10
Global,Store the items required for an emote clue in a Treasure Trail hidey-hole.,Store the items required for an emote clue in a Treasure Trail hidey-hole .,27 Construction 4 planks and 10 of any nails for an easy hidey-hole,10
Global,Complete an easy clue scroll.,Complete an easy clue scroll .,N/A,10
Global,Collect 10 unique items for the general clue rewards collection log.,Collect 10 unique items for the general clue rewards collection log .,N/A,10
Havenhythe,Bring marigolds to Anya at her campsite.,Bring marigolds to Anya at her campsite.,N/A,10
Havenhythe,Use the outhouse on the cliffs north of Wendlewick.,Use the outhouse on the cliffs north of Wendlewick .,N/A,10
Havenhythe,Attempt to eat a burnt lobster while inside the Burnt Lobster Tavern.,Attempt to eat a burnt lobster while inside the Burnt Lobster Tavern .,N/A,10
Havenhythe,Attempt to pet Inanna.,Attempt to pet Inanna .,N/A,10
Havenhythe,Find and speak to the drunken villager.,Find and speak to the drunken villager .,N/A,10
Havenhythe,Use a fairy ring to travel to Amberfell forest.,Use a fairy ring to travel to Amberfell forest.,N/A,10
Havenhythe,Climb to the top of the Wendlewick lighthouse.,Climb to the top of the Wendlewick lighthouse .,N/A,10
Havenhythe,Defeat a juvenile boulder crab.,Defeat a juvenile boulder crab .,N/A,10
Havenhythe,Pickpocket a ranger in Wendlewick.,Pickpocket a ranger in Wendlewick .,40 Thieving,10
Havenhythe,Cut creeping ivy 20 times.,Cut creeping ivy 20 times.,35 Woodcutting,10
Havenhythe,Catch a jackalope.,Catch a jackalope .,32 Hunter,10
Havenhythe,Use an empowered obelisk to create a jackalope pouch at the Shrine of Inanna.,Use an empowered obelisk to create a jackalope pouch at the Shrine of Inanna .,30 Summoning,10
Havenhythe,Use the spirit plane connection bonus at the Shrine of Inanna to create a summoning pouch for free.,Use the spirit plane connection bonus at the Shrine of Inanna to create a summoning pouch for free.,N/A,10
Havenhythe,Construct a birdhouse.,Construct a birdhouse .,"5 Crafting , 10 Fletching",10
Havenhythe,Mine 20 havensilver ore.,Mine 20 havensilver ore .,N/A,10
Havenhythe,Smith a havensilver weapon.,Smith a havensilver weapon .,N/A,10
Havenhythe,Defeat a Sanguine crawler.,Defeat a Sanguine crawler .,28 Slayer,10
Havenhythe,"Defeat Ivar, King of Bones.","Defeat Ivar, King of Bones .",N/A,10
Havenhythe,"Defeat Silverquill, the Dreadhog.","Defeat Silverquill, the Dreadhog .",N/A,10
Kandarin,Complete the Gnome Stronghold Agility Course.,Complete the Gnome Stronghold Agility Course .,N/A,10
Kandarin,Catch a crimson swift in the Feldip Hills.,Catch a crimson swift in the Feldip Hunter area .,A bird snare,10
Kandarin,Defeat a tortoise with riders in Kandarin.,Defeat a tortoise with riders in Kandarin.,N/A,10
Kandarin,Let Brimstail teleport you to the Rune Essence mine.,Let Brimstail teleport you to the Rune Essence mine .,N/A,10
Kandarin,Obtain a Naragi engram from Orla Fairweather.,Obtain a Naragi engram from Orla Fairweather . The engram is given to the player during the tutorial for Memorial to Guthix .,N/A,10
Kandarin,Learn how to raise your own animals at Manor Farm.,Learn how to raise your own animals at Manor Farm .,17 Farming 20 Construction,10
Kandarin,Catch a wild kebbit.,Catch a wild kebbit . They can only be caught at the Piscatoris Hunter area by setting up deadfall traps .,23 Hunter Logs of any kind,10
Kandarin,Enter the Wilderness from Ardougne.,Enter the Wilderness from Ardougne using the lever .,N/A,10
Kandarin,Make a pineapple punch cocktail.,Make a Pineapple Punch cocktail.,8 Cooking See Pineapple Punch for ingredients,10
Karamja,Collect 5 seaweed from anywhere on Karamja.,Collect 5 seaweed from anywhere on Karamja . There are spawns just south of the Karamja lodestone .,N/A,10
Karamja,Fill up Luthas' crate near the Musa Point plantation with bananas and receive 30 coins for your work.,Fill up Luthas ' crate near the Banana plantation with bananas and talk to him to receive 30 coins for your work.,N/A,10
Karamja,Claim a ticket from Brimhaven Agility Arena.,Claim a ticket from Brimhaven Agility Arena .,N/A,10
Karamja,Kill a snake.,Kill a snake .,N/A,10
Karamja,Catch a karambwanji.,Catch a raw karambwanji .,5 Fishing,10
Karamja,Be assigned a Slayer task in Shilo Village.,Be assigned a Slayer task in Shilo Village .,100 combat level 50 Slayer,10
Karamja,Defeat a greater demon on Karamja.,Defeat a greater demon on Karamja .,N/A,10
Karamja,Pick a pineapple on Karamja.,Pick a pineapple on Karamja from the pineapple Plants near the lodestone.,N/A,10
Karamja,Enter the Brimhaven Dungeon.,Enter the Brimhaven Dungeon .,875 coins,10
Karamja,Cross the spiky pit using the stepping stones within Brimhaven Dungeon.,Cross the spiky pit using the stepping stones within Brimhaven Dungeon .,12 Agility,10
Misthalin,Progress through the Leagues tutorial to unlock your first relic.,Progress through the Leagues tutorial to unlock your first relic .,N/A,10
Misthalin,Climb to the top of the Wizards' Tower.,Climb to the top of the Wizards' Tower .,N/A,10
Misthalin,Have Ned make you some rope from balls of wool.,Have Ned make you some rope from 4 balls of wool .,N/A,10
Misthalin,Siphon from a fire essling in the Runespan.,Siphon from a fire essling in the Runespan .,14 Runecrafting,10
Misthalin,Convert at least one pale memory into energy.,Convert at least one pale memory into energy .,N/A,10
Misthalin,Kill a mugger near the Edgeville lodestone.,Kill a mugger near the Edgeville lodestone .,N/A,10
Misthalin,Mine some coal in the centre of Barbarian village.,Mine some coal in the centre of Barbarian Village .,20 Mining,10
Misthalin,Use the bank in the workshop at Fort Forinthry.,Use the bank in the workshop at Fort Forinthry .,Partial completion of New Foundations,10
Misthalin,Kill a giant rat in Lumbridge Swamp.,Kill a giant rat in Lumbridge Swamp .,N/A,10
Misthalin,Kill a goblin in Lumbridge.,Kill a goblin in Lumbridge .,N/A,10
Misthalin,Kill a giant spider in Lumbridge or Lumbridge Swamp.,Kill a giant spider in Lumbridge or Lumbridge Swamp .,N/A,10
Misthalin,Milk a cow.,Milk a cow .,N/A,10
Misthalin,Talk to Hans and find out how old you are.,Talk to Hans and find out how old you are.,N/A,10
Misthalin,Complete the quest: The Blood Pact.,Complete The Blood Pact .,N/A,10
Misthalin,Catch some shrimp in the fishing spot to the east of Lumbridge Swamp.,Catch some shrimp by using the net option on the net/bait fishing spot to the east of Lumbridge Swamp .,N/A,10
Misthalin,Smelt a steel bar in the furnace in Lumbridge.,Smelt a steel bar in the furnace in Lumbridge using an iron ore and coal .,20 Smithing,10
Misthalin,Cook some rat meat on a campfire in Lumbridge Swamp.,Cook some rat meat on a campfire in Lumbridge Swamp .,N/A,10
Misthalin,Mine iron ore from the mining site south-west of Lumbridge Swamp.,Mine iron ore from the mining site south-west of Lumbridge Swamp .,10 Mining,10
Misthalin,Craft a water rune at the Water Altar.,Craft a water rune at the Water altar .,5 Runecrafting,10
Misthalin,"Complete a task from Jacquelyn, the Lumbridge Slayer master.","Complete a task from Jacquelyn , the Lumbridge Slayer master.",N/A,10
Misthalin,Complete the quest: Necromancy!,Complete Necromancy!,N/A,10
Misthalin,Upgrade a piece of Death Skull or Deathwarden equipment to tier 20.,Upgrade a piece of death skull or deathwarden equipment to tier 20.,"20 Necromancy , 15 Smithing (death skull) OR 15 Crafting (Deathwarden)",10
Misthalin,Craft some spirit or bone runes.,Craft some spirit or bone runes .,N/A,10
Misthalin,Complete a Lesser Necroplasm ritual.,Complete a Lesser Necroplasm ritual .,5 Necromancy,10
Misthalin,Conjure a skeleton at the City of Um ritual site.,Conjure a Skeleton Warrior at the Um ritual site .,2 Necromancy Conjure Skeleton Warrior unlocked at the Well of Souls,10
Misthalin,Conjure a zombie at the City of Um ritual site.,Conjure a Putrid Zombie at the Um ritual site .,40 Necromancy Conjure Putrid Zombie unlocked at the Well of Souls,10
Misthalin,Conjure a ghost at the City of Um ritual site.,Conjure a Vengeful Ghost at the Um ritual site .,40 Necromancy Conjure Vengeful Ghost unlocked at the Well of Souls,10
Misthalin,Kill a dark wizard.,Kill a dark wizard .,N/A,10
Misthalin,Enter the Earth Altar using an earth tiara or talisman.,Enter the earth altar using an earth tiara or talisman .,N/A,10
Misthalin,Have Elsie tell you a story.,"Have Elsie tell you a story, she is found upstairs in the church in Varrock. You must give her a cup of tea",A cup of tea,10
Misthalin,Give a bone to one of Varrock's stray dogs (or to your pet stray dog if you have one).,Use some bones on one of Varrock's stray dogs (or to your pet stray dog if you have one).,N/A,10
Misthalin,Claim a free clue scroll from Zaida at the Grand Exchange.,Claim a free clue scroll from Zaida at the Grand Exchange.,N/A,10
Misthalin,Give Bill a beer in Fort Forinthry.,Give Bill a beer in Fort Forinthry.,"A beer , partial completion of New Foundations",10
Misthalin,Complete the Archaeology tutorial.,Complete the Archaeology tutorial .,N/A,10
Misthalin,Make a plank yourself on the sawmill in Fort Forinthry.,Make a plank yourself on the sawmill in Fort Forinthry. Must be a regular plank made from logs,Partial completion of New Foundations,10
Misthalin,Mine some iron ore in the mining spot south-west of Varrock.,Mine some iron ore in the mining spot south-west of Varrock.,10 Mining,10
Misthalin,Steal from the Varrock tea stall.,Steal from the Varrock tea stall .,5 Thieving,10
Misthalin,Pan for an uncut jade at the Digsite.,Pan for an uncut jade at the Digsite .,N/A,10
Misthalin,Harvest a memory from a pale wisp.,Harvest a pale memory from a pale wisp .,N/A,10
Misthalin,Harvest 10 memories from a pale wisp.,Harvest 10 pale memories from a pale wisp .,N/A,10
Morytania,Complete an easy Temple Trek.,Complete an easy Temple Trek .,N/A,10
Morytania,Craft a snelm.,Craft a snelm .,15 Crafting Any blamish shell,10
Morytania,Defeat a werewolf in Morytania.,Defeat a werewolf in Morytania.,N/A,10
Morytania,Pass through the holy barrier.,Pass through the holy barrier under the Paterdomus (enter through the mausoleum). You must defeat the ghoul before you can pass.,Defeat a Ghoul (Paterdomus),10
Morytania,Enter through the western gate of Port Phasmatys.,Pass through the western gate of Port Phasmatys .,N/A,10
Morytania,Kill anything on the ground floor of the Slayer Tower.,Kill anything on the ground floor of the Slayer Tower . Crawling hands have the lowest Slayer level requirement.,N/A,10
Morytania,"Using either a silver sickle or the Invandis flail, grow some fungus in the swamp using Bloom.","Using either a silver sickle or the Ivandis flail , grow some fungus in the swamp using Bloom .",N/A,10
Morytania,Defeat 5 feral vampyres in the Haunted Woods.,Defeat 5 feral vampyres in the Haunted Woods.,N/A,10
Morytania,Use an ectophial to return to Port Phasmatys.,Use an ectophial to return to Port Phasmatys .,N/A,10
Morytania,Visit Dragontooth Island by boat.,Visit Dragontooth Island by boat.,Ghostspeak amulet,10
Tirannwn,Cook a rabbit in Tirannwn.,Cook a raw rabbit in Tirannwn . Cook on a fire - do not use iron spit.,N/A,10
Tirannwn,Attempt to pass a leaf trap.,Attempt to pass a leaf trap .,N/A,10
Tirannwn,Use the bank in Lletya.,Use the bank in Lletya .,N/A,10
Tirannwn,Charter a ship from Port Tyras.,Charter a ship from Port Tyras .,N/A,10
Tirannwn,Climb the Tower of Voices.,Climb the Tower of Voices .,N/A,10
Tirannwn,Burn some logs using the everlasting bonfire in the Tower of Voices.,Burn some logs using the everlasting bonfire in the Tower of Voices .,N/A,10
Tirannwn,Activate the Prifddinas lodestone.,Activate the Prifddinas lodestone .,N/A,10
Tirannwn,Activate the Tirannwn lodestone.,Activate the Tirannwn lodestone .,N/A,10
Tirannwn,Restore your prayer using the altar in Lletya.,Restore your prayer using the altar in Lletya .,N/A,10
Wilderness,Use the bank at the Mage Arena.,Use the Mage Arena bank .,N/A,10
Wilderness,Defeat the Chaos Elemental.,Defeat the Chaos Elemental once.,N/A,10
Wilderness,Defeat the Chaos Elemental 25 times.,Defeat the Chaos Elemental 25 times.,N/A,10
Wilderness,Reach a score of 10 using the strange switches in the Wilderness.,Complete the Ten-uous Link achievement.,N/A,10
Wilderness,Jump over the Wilderness wall.,Jump over the Wilderness wall .,N/A,10
Wilderness,Activate the Wilderness lodestone.,Activate the Wilderness Crater lodestone .,N/A,10
Wilderness,Complete a frozen floor in Daemonheim.,Complete a Frozen floor in Daemonheim .,N/A,10
Wilderness,"Make use of either an autoheater, gem bag, herbicide, bonecrusher or charming imp.","Make use of either an autoheater , gem bag , herbicide , bonecrusher or charming imp .",The gem bag is the cheapest reward at 2000 dungeoneering tokens,10
Wilderness,Enter the chaos tunnels from an entrance in the Wilderness.,Enter the Chaos Tunnels from an entrance in the Wilderness.,N/A,10
Wilderness,Defeat a black unicorn in the Wilderness.,Defeat a black unicorn in the Wilderness.,N/A,10
Anachronia,Build your player lodge on Anachronia.,Build your Player Lodge on Anachronia.,40 Construction,30
Anachronia,Purchase the herb bag and the herb bag upgrade from the Herby Werby reward shop.,Purchase the herb bag and the herb bag upgrade from the Herby Werby Reward Shop .,"None, but requires 4 weeks worth of potent herbs",30
Anachronia,Give Snoop some clean dwarf weed.,Give Snoop some clean dwarf weed .,70 Herblore if cleaning the herb yourself,30
Anachronia,Harvest produce from 5 animals on Anachronia farm.,Harvest produce from 5 animals on Anachronia Dinosaur Farm .,"42 Farming , 45 Construction",30
Anachronia,Complete the beginner sections of the Anachronia agility course.,Complete the beginner sections of the Anachronia Agility Course .,30 Agility,30
Anachronia,Complete the novice sections of the Anachronia agility course.,Complete the novice sections of the Anachronia Agility Course .,50 Agility,30
Asgarnia,Reach world 25 in Shattered Worlds.,Reach world 25 in Shattered Worlds .,N/A,30
Asgarnia,Enter the Warriors' Guild.,Enter the Warriors' Guild .,"Combined Attack and Strength level of 130, or 99 Attack , or 99 Strength",30
Asgarnia,Equip a defender.,Equip a defender.,"Combined Attack and Strength level of 130, or 99 Attack , or 99 Strength",30
Asgarnia,Charge an amulet of glory in the Heroes' Guild.,Charge an amulet of glory in the Heroes' Guild .,"If not as a drop from revenant knights , 80 Crafting and 68 Magic to make it from scratch, or 83 Hunter to catch dragon implings",30
Asgarnia,Enter the Crafting Guild.,Enter the Crafting Guild .,40 Crafting,30
Asgarnia,Complete the Easy Falador Diary.,Complete the Easy Falador achievements .,See Easy Falador achievements page,30
Asgarnia,Complete the Medium Falador Diary.,Complete the Medium Falador achievements .,See Medium Falador achievements page,30
Asgarnia,Kill the Giant Mole.,Kill the giant mole .,N/A,30
Asgarnia,Kill the Giant Mole 25 times.,Kill the giant mole 25 times.,N/A,30
Asgarnia,Use the Telekinetic Grab spell to steal some wine of Zamorak from the captured temple south of Goblin Village.,Use the Telekinetic Grab spell to steal some wine of Zamorak from the captured temple south of Goblin Village .,33 Magic,30
Asgarnia,Set up a dwarf multicannon.,Set up a dwarf multicannon .,N/A,30
Asgarnia,Complete a ceremonial sword at the Artisans' Workshop.,Complete a ceremonial sword at the Artisans' Workshop .,N/A,30
Asgarnia,Mine some orichalcite in the Mining Guild.,Mine some orichalcite ore in the Mining Guild .,60 Mining,30
Asgarnia,Harvest a herb from the Troll Stronghold herb patch.,Harvest a herb from the troll stronghold herb patch .,9 Farming to plant the lowest Herb seed.,30
Asgarnia,Kill a blue dragon in Taverley dungeon.,Kill a blue dragon in Taverley Dungeon .,Dusty key or 70 Agility,30
Asgarnia,Open the crystal chest in Taverley.,Open the crystal chest in Taverley.,A crystal key,30
Desert,Clear the Fort debris at the Kharid-et Dig Site.,Clear the fort debris at the Kharid-et Dig Site .,12 Archaeology,30
Desert,Complete the quest: One Piercing Note.,Complete One Piercing Note .,See quest page,30
Desert,Complete a lap of the Het's Oasis agility course.,Complete a lap of the Het's Oasis Agility Course .,65 Agility,30
Desert,Defeat the Kalphite Queen.,Defeat the Kalphite Queen .,N/A,30
Desert,Defeat the Kalphite Queen 25 times.,Defeat the Kalphite Queen 25 times.,N/A,30
Desert,Defeat a boss in the Dominion Tower.,Defeat a boss in the Dominion Tower .,N/A,30
Desert,Complete the Easy Desert Diary.,Complete the Easy Desert achievements .,See Easy Desert achievements page,30
Desert,Complete the Medium Desert Diary.,Complete the Medium Desert achievements .,See Medium Desert achievements page,30
Desert,Steal from the lamp stall in Menaphos.,Steal from the lamp stall in Menaphos.,46 Thieving,30
Desert,Catch a catfish.,Catch a raw catfish .,60 Fishing,30
Desert,Restore a Pontifex signet ring.,Restore a pontifex signet ring .,"58 Archaeology A cut dragonstone , which may require 55 Crafting",30
Desert,Search the Grand Gold Chest in room 4 of Pyramid Plunder in Sophanem.,Search the Grand gold chest in room 4 of Pyramid Plunder in Sophanem.,51 Thieving,30
Desert,Search the Grand Gold Chest in room 5 of Pyramid Plunder in Sophanem.,Search the Grand gold chest in room 5 of Pyramid Plunder in Sophanem.,61 Thieving,30
Desert,Search the Grand Gold Chest in room 6 of Pyramid Plunder in Sophanem.,Search the Grand gold chest in room 6 of Pyramid Plunder in Sophanem.,71 Thieving,30
Desert,Complete the quest: Desert Treasure,Complete Desert Treasure .,N/A,30
Desert,Repair the statue of Het at Het's Oasis.,Repair the statue of Het at Het's Oasis .,200 pieces of Het,30
Fremennik,Cast the Moonclan Teleport spell.,Cast the Moonclan Teleport spell.,69 Magic,30
Fremennik,Enter your player-owned house from Rellekka.,Enter your player-owned house from Rellekka .,N/A,30
Fremennik,Craft 50 astral runes.,Craft 50 astral runes .,40 Runecrafting,30
Fremennik,Complete the Penguin Agility Course.,Complete the Penguin Agility Course .,30 Agility,30
Fremennik,Catch a snowy knight.,Catch a snowy knight . They can only be caught at the Rellekka Hunter area .,35 Hunter A butterfly net and jar,30
Fremennik,Defeat a kurask in the Fremennik Province.,Defeat a kurask in the Fremennik Province.,70 Slayer Leaf-bladed spear or other special weapon,30
Fremennik,Defeat a dagannoth in the Fremennik Province.,Defeat a dagannoth in the Fremennik Province.,N/A,30
Fremennik,Equip a helm of Neitiznot.,Equip a helm of Neitiznot .,55 Defence,30
Fremennik,Defeat a jelly in the Fremennik Province.,Defeat a jelly in the Fremennik Province.,52 Slayer,30
Fremennik,Complete the quest: Throne of Miscellania.,Complete Throne of Miscellania .,N/A,30
Fremennik,Equip a granite shield.,Equip a granite shield .,"55 Defence , 55 Strength Either completion of Eadgar's Ruse or partial completion of The Fremennik Isles",30
Fremennik,Defeat any of the Dagannoth Kings.,Defeat any of the Dagannoth Kings 1 time.,N/A,30
Fremennik,Defeat any of the Dagannoth Kings 50 times.,Defeat any of the Dagannoth Kings 50 times.,N/A,30
Fremennik,Complete the Easy Fremennik Diary.,Complete the Easy Fremennik achievements .,See Easy Fremennik achievements page,30
Fremennik,Ride a mine cart into Keldagrim.,Ride a mine cart into Keldagrim.,N/A,30
Fremennik,Travel to the Mammoth Iceberg.,"Travel to the Mammoth iceberg (must travel by boat, Skull of Slaying teleport does not work but can be used to take the boat back and forth).",N/A,30
Fremennik,Steal from the fish stall in Rellekka.,Steal from the fish stall in Rellekka.,42 Thieving,30
Fremennik,Harvest 100 sparkling energy from sparkling wisps.,Harvest 100 sparkling energy from sparkling wisps .,40 Divination,30
Fremennik,Climb to the top of the lighthouse.,Climb to the top of the lighthouse .,N/A,30
Fremennik,Chop 10 arctic pine trees.,Chop 10 arctic pine trees .,54 Woodcutting,30
Fremennik,Kill 25 yaks.,Kill 25 yaks .,N/A,30
Fremennik,Interact with a pet rock.,Interact with a pet rock .,N/A,30
Fremennik,Complete the Medium Fremennik Diary.,Complete the Medium Fremennik achievements .,See Medium Fremennik achievements page,30
Global,Reach level 50 in any skill.,Reach level 50 in any skill.,Any skill at level 50,30
Global,Reach at least level 5 in all non-elite skills.,Reach at least level 5 in all non-elite skills.,All skills except Invention at level 5,30
Global,Reach at least level 10 in all non-elite skills.,Reach at least level 10 in all non-elite skills.,All skills except Invention at level 10,30
Global,Reach at least level 20 in all non-elite skills.,Reach at least level 20 in all non-elite skills.,All skills except Invention at level 20,30
Global,Reach combat level 50.,Reach combat level 50.,50 combat level,30
Global,Reach total level 500.,Reach total level 500. This task is currently bugged and may complete before you have reached 500 total levels,500 total level,30
Global,Mine any ore 200 times.,Mine any ore 200 times.,N/A,30
Global,Chop any tree 200 times.,Chop any tree 200 times.,N/A,30
Global,Chop a willow tree.,Chop a willow tree.,20 Woodcutting,30
Global,Burn any logs 200 times.,Burn any logs 200 times.,N/A,30
Global,Catch any fish 200 times.,Catch any fish 200 times.,N/A,30
Global,Harvest any memory from a wisp 200 times.,Harvest any memory from a wisp 200 times.,N/A,30
Global,Pickpocket anyone 200 times.,Pickpocket anyone 200 times.,N/A,30
Global,Plant seeds in any farming patch 100 times.,Plant seeds in any farming patch 100 times.,N/A,30
Global,Unlock all of the free to play lodestones.,Unlock all of the Free to Play Lodestones .,N/A,30
Global,"Equip a full set of graahk, larupia or kyatt hunter gear.","Equip a full set of graahk , larupia or kyatt hunter gear. Three of each creature's furs (tatty or perfect) are required, along with some coins, to pay the fancy-dress shop owner to create the outfit pieces; the hats can only be created using perfect furs. They are all caught using pitfall trapping . Spined larupia can be caught with level 31 Hunter at the Feldip Hunter area .",31 Hunter to hunt spined larupia,30
Global,Make 200 potions of any kind.,Make 200 potions of any kind.,3 Herblore,30
Global,Clean 200 of any herb.,Clean 200 of any herb.,N/A,30
Global,"Fletch 1,000 arrow shafts.","Fletch 1,000 arrow shafts .",N/A,30
Global,Complete 25 laps of any agility course.,Complete 25 laps of any Agility course.,N/A,30
Global,Smith 25 of any metal weapon or armour piece.,Smith 25 of any metal weapon or armour piece.,N/A,30
Global,Cook 200 fish.,Cook 200 fish.,N/A,30
Global,Offer 100 bones of any kind to an altar.,"Offer 100 bones ( ashes also work) at the chaos altar in the Wilderness, the altar in Fort Forinthry, or an altar in the player-owned house chapel",N/A,30
Global,Scatter 100 ashes of any kind.,Scatter 100 ashes of any kind.,N/A,30
Global,Restore 500 prayer points at an altar at once.,Restore 500 Prayer Points at an Altar at once.,50 Prayer,30
Global,Catch 25 implings of any kind.,Catch 25 implings of any kind. Cannot be completed in Puro-Puro .,17 Hunter,30
Global,Catch 35 implings of any kind.,Catch 35 Implings of any kind. Cannot be completed in Puro-Puro .,17 Hunter,30
Global,Catch 200 Hunter creatures.,Catch 200 Hunter creatures.,N/A,30
Global,Complete 25 easy clue scrolls.,Complete 25 easy clue scrolls.,N/A,30
Global,Complete 75 easy clue scrolls.,Complete 75 easy clue scrolls.,N/A,30
Global,Collect 25 unique items for the general clue rewards collection log.,Collect 25 unique items for the general clue rewards collection log.,N/A,30
Global,Make 30 prayer potions.,Make 30 prayer potions .,38 Herblore,30
Global,Make a 4-dose potion.,Make a 4-dose potion.,"A botanist's amulet , Morytania legs 4 , Underworld Grimoire 1 , or a varanusaur pen with a farm totem at the Anachronia Dinosaur Farm",30
Global,Make 20 super attack potions.,Make 20 super attack potions.,45 Herblore,30
Global,Clean 50 grimy ranarr.,Clean 50 grimy ranarr .,25 Herblore,30
Global,Clean 50 grimy avantoe.,Clean 50 grimy avantoe .,48 Herblore,30
Global,Harvest 5 grimy ranarr.,Harvest 5 grimy ranarr .,32 Farming,30
Global,Equip an iron crossbow.,Equip an iron crossbow .,10 Ranged,30
Global,Equip a maple shieldbow.,Equip a maple shieldbow .,"30 Ranged , 30 Defence",30
Global,Fletch 50 maple shieldbow (unstrung).,Fletch 50 unstrung maple shieldbows .,45 Fletching,30
Global,Fletch 400 steel arrows.,Fletch 400 steel arrows .,20 Fletching,30
Global,Fletch 100 iron bolts.,Fletch 100 iron bolts .,13 Fletching,30
Global,Mine some ore with a rune pickaxe.,Mine some ore with a rune pickaxe .,50 Mining,30
Global,Mine 20 mithril ore.,Mine 20 mithril ore .,30 Mining,30
Global,Mine 30 adamant ore.,Mine 30 adamantite ore .,40 Mining,30
Global,Mine 40 runite ore.,Mine 40 runite ore .,50 Mining,30
Global,Open 20 igneous geodes.,Open 20 igneous geodes .,N/A,30
Global,Check a grown fruit tree.,Check a tree grown in a fruit tree patch .,27 Farming,30
Global,Catch 100 lobsters.,Catch 100 lobsters .,40 Fishing,30
Global,Catch 50 swordfish.,Catch 50 swordfish .,50 Fishing,30
Global,Catch 50 salmon.,Catch 50 salmon .,30 Fishing,30
Global,Catch 10 pike.,Catch 10 pike .,25 Fishing,30
Global,Make a Pineapple pizza.,Make a pineapple pizza by adding pineapple chunks or a pineapple ring to a plain pizza .,65 Cooking,30
Global,Make a stew.,"Make a stew : add a raw potato to a bowl of water , then add either cooked meat or chicken , and cook the stew at a range .",25 Cooking,30
Global,Make a chocolate cake.,Make a chocolate cake by adding a chocolate bar to a cooked cake .,50 Cooking,30
Global,Bury some baby dragon bones.,Bury some baby dragon bones .,N/A,30
Global,Bury 5 dragon bones.,Bury 5 dragon bones .,N/A,30
Global,Activate Protect from Melee prayer.,Activate the Protect from Melee prayer.,43 Prayer,30
Global,Catch a gourmet impling.,Catch a gourmet impling . Cannot be completed in Puro-Puro .,28 Hunter,30
Global,Light a bullseye lantern.,Light a bullseye lantern .,49 Firemaking Either 36 Thieving and completion of Death to the Dorgeshuun ; or 50 quest points and the Lorehound pet unlocked; or 20 Smithing and 49 Crafting to create from scratch,30
Global,Teleport using law runes.,Teleport using law runes . The lowest level teleport spell is South Feldip Hills Teleport which also requires one air and one water rune,10 Magic,30
Global,Craft some combination runes.,Craft some combination runes : mist runes have the lowest level requirement. They can made by using a pure essence and 1 water rune and a water talisman at the air altar or 1 air rune and an air talisman at the water altar,6 Runecrafting,30
Global,Craft 100 runes.,Craft 100 runes.,N/A,30
Global,"Craft 1,000 runes.","Craft 1,000 runes.",N/A,30
Global,Equip a full set of steel armour.,"Equip a steel full helm , steel platebody , steel platelegs / steel plateskirt , steel gauntlets , and steel armoured boots . Substitutes for pieces (e.g. med helm instead of full helm, chainbody instead of platebody) will work. Steel armour can be bought at Horvik's Armour Shop .",20 Defence,30
Global,Equip a full set of mithril armour.,"Equip a mithril full helm , mithril platebody , mithril platelegs / mithril plateskirt , mithril gauntlets , and mithril armoured boots . Substitutes for pieces (e.g. med helm instead of full helm, chainbody instead of platebody) will work. Mithril armour can be bought at Horvik's Armour Shop .",30 Defence,30
Global,Equip a full set of adamant armour.,"Equip an adamant full helm , adamant platebody , adamant platelegs / adamant plateskirt , adamant gauntlets , and adamant armoured boots . Substitutes for pieces (e.g. med helm instead of full helm, chainbody instead of platebody) will work. Adamant armour can be bought at Horvik's Armour Shop .",40 Defence,30
Global,Equip a full set of rune armour.,"Equip a full set of rune armour (full helm, platebody, legs, boots, and gauntlets).",50 Defence,30
Global,Equip a full set of blue dragonhide armour.,Equip a full set of blue dragonhide armour .,50 Defence,30
Global,Equip a full set of red dragonhide armour.,Equip a full set of red dragonhide armour .,55 Defence,30
Global,Equip a full set of batwing robes.,"Equip a batwing hood , batwing torso , batwing legs , batwing gloves , and batwing boots . Batwing armour can be bought at Zaff's Superior Spellcasting .",30 Defence,30
Global,Equip a full set of mystic robes.,Equip a full set of mystic robes .,50 Defence,30
Global,Create a mithril grapple.,Create a mithril grapple .,"59 Fletching , 30 Smithing",30
Global,Burn 25 willow logs.,Burn 25 willow logs .,30 Firemaking,30
Global,Burn 50 maple logs.,Burn 50 maple logs .,45 Firemaking,30
Global,Equip any elemental battlestaff.,Equip any elemental battlestaff .,30 Magic,30
Global,Equip a mystic staff.,Equip a mystic staff .,40 Magic,30
Global,Complete 100 clues of any tier.,Complete 100 clues of any tier.,N/A,30
Global,Complete a medium clue scroll.,Complete a medium clue scroll .,N/A,30
Global,Complete 25 medium clue scrolls.,Complete 25 medium clue scrolls .,N/A,30
Global,Complete 75 medium clue scrolls.,Complete 75 medium clue scrolls .,N/A,30
Global,Complete a hard clue scroll.,Complete a hard clue scroll .,N/A,30
Global,Complete 25 hard clue scrolls.,Complete 25 hard clue scrolls .,N/A,30
Global,Collect 5 unique items for the easy clue rewards collection log.,Collect 5 unique items for the easy clue rewards collection log .,N/A,30
Global,Collect 10 unique items for the easy clue rewards collection log.,Collect 10 unique items for the easy clue rewards collection log .,N/A,30
Global,Collect 5 unique items for the medium clue rewards collection log.,Collect 5 unique items for the medium clue rewards collection log .,N/A,30
Global,Collect 10 unique items for the medium clue rewards collection log.,Collect 10 unique items for the Medium clue rewards collection log .,N/A,30
Global,Collect 5 unique items for the hard clue rewards collection log.,Collect 5 unique items for the hard clue rewards collection log .,N/A,30
Global,Equip any 2 pieces of an elegant outfit.,Equip any 2 pieces of an elegant outfit .,N/A,30
Global,Equip a composite bow of any kind.,Equip a composite bow of any kind.,20 Ranged,30
Global,Perform a special attack.,Perform a special attack .,5 Attack or 5 Ranged or 5 Magic (claimed from Gudrik in Port Sarim ),30
Global,Reach level 30 in any skill.,Reach level 30 in any skill.,Any skill at level 30,30
Global,Reach level 40 in any skill.,Reach level 40 in any skill.,Any skill at level 40,30
Global,Reach level 60 in any skill.,Reach level 60 in any skill.,Any skill at level 60,30
Global,Reach at least level 30 in all non-elite skills.,Reach at least level 30 in all non-elite skills.,All skills except Invention at level 30,30
Havenhythe,Repair all of the canoe stations across havenhythe.,Repair all of the canoe stations across havenhythe .,40 Construction,30
Havenhythe,Use an oaken key to open Raz's stash in her hut north of Wendlewick.,Use an oaken key to open Raz's stash in her hut north of Wendlewick .,N/A,30
Havenhythe,Complete the quest: Wiz Kid.,Complete Wiz Kid .,Completion of Wiz Kid,30
Havenhythe,Complete the quest: Hermit Permits.,Complete Hermit Permits .,Completion of Hermit Permits,30
Havenhythe,Brew a Wendlewick ale.,Brew a Wendlewick ale .,27 Cooking,30
Havenhythe,Use the Fang of Mohegan to teleport to the Shrine of Inanna.,Use the Fang of Mohegan to teleport to the Shrine of Inanna .,N/A,30
Havenhythe,Search a hollow tree within the Highweald forest.,Search a hollow tree within the Highweald forest .,N/A,30
Havenhythe,Harvest 10 birdhouses.,Harvest 10 birdhouses .,"5 Crafting , 10 Fletching",30
Havenhythe,Use a clockwork box trap to catch a grenwall in a kebbit encounter.,Use a clockwork box trap to catch a grenwall in a kebbit encounter.,"51 Crafting , 13 Fletching",30
Havenhythe,Learn how to use the Wendlewick fish farm.,Learn how to use the Wendlewick fish farm .,"45 Fishing , 25 Farming Completion of Trader Woes",30
Havenhythe,Create an antisanguine potion.,Create an antisanguine potion.,15 Herblore,30
Havenhythe,"Defeat Ivar, King of Bones 25 times.","Defeat Ivar, King of Bones 25 times.",N/A,30
Havenhythe,"Defeat Silverquill, the Dreadhog 25 times.","Defeat Silverquill, the Dreadhog 25 times.",N/A,30
Havenhythe,"Defeat Silverquill, the Dreadhog, solo, using only havensilver weapons.","Defeat Silverquill, the Dreadhog , solo, using only havensilver weapons .",N/A,30
Havenhythe,Recruit Tali as a research assistant and assign her to a Moonrise research project.,Recruit Tali as a research assistant and assign her to a Moonrise research project .,70 Archaeology,30
Havenhythe,Bring a restored bloodwine artefact to Anya.,Bring a restored bloodwine artefact to Anya .,82 Archaeology,30
Havenhythe,Complete the 'Hedge Your Bets' Combat Mastery achievement.,Complete the 'Hedge Your Bets' Combat Mastery achievement.,48 Defence,30
Kandarin,Fletch 50 maple shieldbow (unstrung) in Kandarin.,Fletch 50 unstrung maple shieldbows in Kandarin .,45 Fletching,30
Kandarin,Pickpocket a Knight of Ardougne 50 times.,Pickpocket a knight of Ardougne 50 times.,55 Thieving,30
Kandarin,Complete the Barbarian Outpost Agility Course.,Complete the Barbarian Outpost Agility Course .,35 Agility,30
Kandarin,Equip a spottier cape.,Equip a spottier cape .,66 Hunter,30
Kandarin,Catch a red salamander.,Catch a red salamander .,59 Hunter,30
Kandarin,Enter the Fishing Guild.,Enter the Fishing Guild .,68 Fishing,30
Kandarin,Check a grown papaya tree inside Tree Gnome Stronghold.,Check a grown papaya tree inside Tree Gnome Stronghold .,57 Farming,30
Kandarin,Defeat a mithril dragon.,Defeat a mithril dragon .,N/A,30
Kandarin,Enter the Wizards' Guild.,Enter the Wizards' Guild .,66 Magic,30
Kandarin,Defeat a fire giant in Kandarin.,Defeat a fire giant in Kandarin.,N/A,30
Kandarin,Use the Chivalry Prayer.,Use the Chivalry prayer.,60 Prayer 65 Defence Completion of Knight Waves training ground,30
Kandarin,Complete the Easy Ardougne Diary.,Complete the Easy Ardougne achievements .,See Easy Ardougne achievements page,30
Kandarin,Make one of each type of cocktail.,Make one of each type of cocktail .,37 Cooking,30
Kandarin,"Earn a total of 10,000 beans from selling animals.","Earn a total of 10,000 beans from selling animals.",N/A,30
Kandarin,Hunt 10 spotted kebbits with the help of a falcon.,Hunt 10 spotted kebbits using falconry . You will need to pay 500 to Matthias to borrow a falcon.,43 Hunter,30
Kandarin,Complete the quest: The Needle Skips.,Complete The Needle Skips .,Completion of The Needle Skips,30
Kandarin,Complete the Medium Ardougne Diary.,Complete the Medium Ardougne achievements .,See Medium Ardougne achievements page,30
Kandarin,Complete the quest: Elemental Workshop I.,Complete Elemental Workshop I .,Completion of Elemental Workshop I,30
Kandarin,Equip an ogre bowman hat.,Equip an ogre bowman hat .,"30 Ranged , 5 Fletching",30
Karamja,Complete the Easy Karamja Diary.,Complete the Easy Karamja achievements .,See Easy Karamja achievements page,30
Karamja,Craft 50 nature runes.,Craft 50 nature runes .,44 Runecrafting,30
Karamja,Catch a salmon on Karamja.,Catch a salmon on Karamja.,30 Fishing,30
Karamja,Get Stiles to exchange some of your fish for bank notes.,Get Stiles to exchange some of your fish for bank notes.,N/A,30
Karamja,Convert 100 gleaming memories in an energy rift.,Convert 100 gleaming memories in an energy rift.,50 Divination,30
Karamja,Mine a drakolith rock in the Tai Bwo Wannai mine.,Mine a drakolith rock in the Tai Bwo Wannai mine .,60 Mining,30
Karamja,Mine a ruby from a gem rock in Shilo Village.,Mine a ruby from a gem rock in Shilo Village .,30 Mining,30
Karamja,Enter the Hardwood Grove in Tai Bwo Wannai.,Enter the hardwood grove in Tai Bwo Wannai.,N/A,30
Karamja,Complete the quest: Dragon Slayer.,Complete Dragon Slayer .,Completion of Dragon Slayer,30
Karamja,Check a grown banana tree on Karamja.,Check a grown banana tree on Karamja.,33 Farming,30
Karamja,Defeat a TzHaar.,Defeat a TzHaar .,N/A,30
Karamja,Equip an obsidian cape.,Equip an obsidian cape .,N/A,30
Karamja,Kill a metal dragon in Brimhaven Dungeon.,Kill a metal dragon in Brimhaven Dungeon .,N/A,30
Karamja,Catch 25 lobsters on Karamja.,Catch 25 lobsters on Karamja.,40 Fishing,30
Karamja,Equip a Toktz-Ket-Xil.,Equip a Toktz-ket-xil .,60 Defence,30
Karamja,Equip a Tzhaar-Ket-Om.,Equip a TzHaar-Ket-Om .,60 Strength,30
Karamja,Equip a Toktz-Xil-Ak.,Equip a Toktz-xil-ak .,60 Attack,30
Karamja,Equip a Toktz-Xil-Ek.,Equip a Toktz-xil-ek .,60 Attack,30
Karamja,Complete the Medium Karamja Diary.,Complete the Medium Karamja achievements .,See Medium Karamja achievements page,30
Misthalin,Kill the lesser demon in the Wizards' Tower.,Kill the lesser demon in the Wizards' Tower .,Cannot be attacked with short-range melee,30
Misthalin,Hunt a yellow wizard in the RuneSpan and give them some items.,Hunt a yellow wizard in the Runespan and give them some items.,N/A,30
Misthalin,Siphon from a nature esshound in the Runespan.,Siphon from a nature esshound in the Runespan.,44 Runecrafting,30
Misthalin,Siphon rune dust from a Runesphere in the Runespan.,Siphon rune dust from a Runesphere in the RuneSpan.,N/A,30
Misthalin,Fully complete the Stronghold of Player Safety.,Fully complete the Stronghold of Player Safety by pulling an old lever on the upper floor and then opening the treasure chest in the secure sector.,N/A,30
Misthalin,Complete this quest.,Complete New Foundations .,Completion of New Foundations,30
Misthalin,Complete the Beginner Lumbridge Diary.,Complete the Beginner Lumbridge achievements .,See Beginner Lumbridge achievements page,30
Misthalin,Enter Zanaris via Lumbridge Swamp.,Enter Zanaris via Lumbridge Swamp .,N/A,30
Misthalin,Complete the Easy Lumbridge Diary.,Complete the Easy Lumbridge achievements .,See Easy Lumbridge achievements page,30
Misthalin,Complete the Medium Lumbridge Diary.,Complete the Medium Lumbridge achievements .,See Medium Lumbridge achievements page,30
Misthalin,Drink from the Tears of Guthix.,Drink from the Tears of Guthix .,N/A,30
Misthalin,Catch 20 implings in Puro-Puro.,Catch 20 implings in Puro-Puro .,17 Hunter,30
Misthalin,Complete the miniquest: Sheep Shearer.,Complete Sheep Shearer .,Completion of Sheep Shearer (miniquest),30
Misthalin,Cut a willow tree east of Lumbridge Castle.,"Cut the willow tree east of Lumbridge Castle, by the bridge across the River Lum.",20 Woodcutting,30
Misthalin,Craft 50 water runes.,Craft 50 water runes .,5 Runecrafting Water talisman or equivalent,30
Misthalin,Pickpocket a H.A.M. member.,Pickpocket a H.A.M. Member .,15 Thieving,30
Misthalin,Churn some butter.,Make a pat of butter by using a bucket of milk at a dairy churn,38 Cooking Bucket of milk,30
Misthalin,Craft 50 cosmic runes.,Craft 50 cosmic runes .,"27 Runecrafting Cosmic talisman or equivalent, Completion of Lost City quest",30
Misthalin,Steal a lantern from a cave goblin.,Steal a lantern from a cave goblin (only the ones in Dorgesh-Kaan have the lantern as a possible loot from pickpocketting).,36 Thieving,30
Misthalin,Use the range in Lumbridge Castle to bake a cake.,Use the range in Lumbridge Castle to bake a cake .,40 Cooking Completion of Cook's Assistant quest,30
Misthalin,Smith a mithril platebody on the anvil in the jailhouse sewers.,Smith a mithril platebody on the anvil in Draynor Sewers .,30 Smithing,30
Misthalin,Have either a putrid zombie or vengeful ghost conjured while fighting the matching creature.,Have either a Putrid Zombie or Vengeful Ghost conjured while fighting the matching creature.,"40 Necromancy Unlock the ability to conjure at tier 3 of talents , conduit , ectoplasm",30
Misthalin,Learn how to craft moonstone jewellery.,Complete the Mystical Moonstone achievement.,50 Necromancy Brown apron or keepsaked override,30
Misthalin,Upgrade a piece of Death Skull or Deathwarden equipment to tier 50.,Upgrade a piece of Death Skull or Deathwarden equipment to tier 50.,20 Necromancy,30
Misthalin,Complete a communion ritual using a memento.,Complete a communion ritual using a memento .,5 Necromancy,30
Misthalin,Conjure a phantom guardian at the City of Um ritual site.,Conjure a Phantom Guardian at the Um ritual site .,70 Necromancy Conjure Phantom Guardian unlocked from the Well of Souls,30
Misthalin,Complete the Easy City of Um Diary.,Complete the Easy Underworld achievements .,See Easy Underworld achievements page,30
Misthalin,Complete the Medium City of Um Diary.,Complete the Medium Underworld achievements .,See Medium Underworld achievements page,30
Misthalin,Complete the Easy Varrock Diary.,Complete the Easy Varrock achievements .,See Easy Varrock achievements page,30
Misthalin,Complete the Medium Varrock Diary.,Complete the Medium Varrock achievements .,See Medium Varrock achievements page,30
Misthalin,Browse through Oziach's Armour Shop.,Browse through Oziach's Armour Shop .,N/A,30
Misthalin,Enter the Cooks' Guild.,Enter the Cooks' Guild .,"32 Cooking Chef's hat or equivalent, see Cooks' Guild for alternatives",30
Misthalin,Complete the quest: Demon Slayer.,Complete Demon Slayer .,N/A,30
Misthalin,Complete the quest: Vampire Slayer.,Complete Vampyre Slayer .,N/A,30
Misthalin,Mine 50 pure essence.,Mine 50 pure essence .,30 Mining,30
Misthalin,Pickpocket a Varrock guard.,Pickpocket a Varrock guard .,40 Thieving,30
Misthalin,Gather and convert 50 bright memories.,Gather and convert 50 bright memories .,20 Divination,30
Morytania,Complete the easy Morytania Diary.,Complete the Easy Morytania achievements .,See Easy Morytania achievements page,30
Morytania,Take a medium companion through a medium route of Temple Trekking.,Take a medium companion through a medium route of Temple Trekking .,N/A,30
Morytania,Visit Mos Le'Harmless.,Visit Mos Le'Harmless .,N/A,30
Morytania,Visit Harmony Island.,Visit Harmony Island .,N/A,30
Morytania,Visit the Everlight dig site.,Visit the Everlight dig site .,42 Archaeology,30
Morytania,Defeat the six Barrows Brothers and loot their chest.,Defeat the six Barrows Brothers and loot their chest once.,N/A,30
Morytania,Defeat the six Barrows Brothers and loot their chest 50 times.,Defeat the six Barrows Brothers and loot their chest 50 times.,N/A,30
Morytania,Equip a Barrows weapon.,Equip a barrows weapon .,"Either 70 Magic , 70 Attack , or 70 Ranged",30
Morytania,Equip a piece of Barrows armour.,Equip a piece of barrows armour .,70 Defence,30
Morytania,Equip a Salve Amulet (e).,Equip a salve amulet (e) .,Completion of Lair of Tarn Razorlor (miniquest),30
Morytania,Catch 10 green salamanders.,Catch 10 green salamanders . They can only be caught at the Canifis Hunter area using net traps,29 Hunter,30
Morytania,Complete the quest: Haunted Mine.,Complete Haunted Mine .,See quest page,30
Morytania,Harvest bittercap mushrooms in the farming patch near Canifis.,Harvest bittercap mushrooms in the farming patch near Canifis .,53 Farming,30
Morytania,Complete the Medium Morytania Diary.,Complete the Medium Morytania achievements .,See Medium Morytania achievements page,30
Tirannwn,Complete the Easy Tirannwn Diary.,Complete the Easy Tirannwn achievements .,See Easy Tirannwn achievements page,30
Tirannwn,Check a grown papaya tree in Lletya.,Check a grown papaya tree in Lletya .,57 Farming,30
Tirannwn,Craft 50 death runes.,Craft 50 death runes .,65 Runecrafting,30
Tirannwn,Enter your player-owned house from Prifddinas.,Enter your player-owned house from Prifddinas .,N/A,30
Tirannwn,Use an elven teleport crystal.,Use a crystal teleport seed .,N/A,30
Tirannwn,Equip Iban's staff.,Equip Iban's staff .,50 Magic,30
Tirannwn,Catch 10 pawyas in Isafdar.,Catch 10 pawyas in Isafdar .,66 Hunter,30
Tirannwn,Mine 200 soft clay in Prifddinas.,Mine 200 soft clay in Prifddinas.,75 Mining,30
Tirannwn,Use the fairy ring in the Amlodd district.,Use the fairy ring to teleport to the Amlodd district. Players may need to travel to the fairy ring using the code D J S to complete this achievement.,N/A,30
Tirannwn,Complete the Medium Tirannwn Diary.,Complete the Medium Tirannwn achievements .,See Medium Tirannwn achievements page,30
Tirannwn,Help Teelee with the wisps of the Grove.,Help Teelee with the wisps of the Grove .,N/A,30
Wilderness,Complete the Easy Wilderness Diary.,Complete the Easy Wilderness achievements .,See Easy Wilderness achievements page,30
Wilderness,Defeat the King Black Dragon.,Defeat the King Black Dragon once.,N/A,30
Wilderness,Defeat the King Black Dragon 25 times.,Defeat the King Black Dragon 25 times.,N/A,30
Wilderness,Sacrifice dragon bones on the Chaos Altar.,Sacrifice dragon bones on the Chaos Altar .,N/A,30
Wilderness,Cast the Claws of Guthix special attack.,Cast the Claws of Guthix special attack.,60 Magic Completion of Mage Arena,30
Wilderness,Defeat 5 green dragons.,Defeat 5 green dragons .,N/A,30
Wilderness,Complete 10 laps of the Wilderness agility course.,Complete 10 laps of the Wilderness Agility Course .,52 Agility,30
Wilderness,"Equip a Saradomin, Zamorak, or Guthix cape.","Equip a Saradomin , Zamorak , or Guthix cape .",60 Magic Completion of Mage Arena,30
Wilderness,Visit any Runecrafting altar through the Abyss.,Visit any Runecrafting altar through the Abyss .,N/A,30
Wilderness,Defeat 10 fetid zombies.,Defeat 10 fetid zombies .,N/A,30
Wilderness,Defeat 20 bound skeletons.,Defeat 20 bound skeletons .,N/A,30
Wilderness,Defeat the Rammernaut.,Defeat the Rammernaut .,35 Dungeoneering,30
Wilderness,Defeat Bossy McBossFace.,Defeat Bossy McBossFace .,N/A,30
Wilderness,Activate and teleport from each of the Wilderness teleport obelisks.,Activate and teleport from each of the Wilderness teleport obelisks .,N/A,30
Wilderness,Defeat Bossy McBossface's first mate.,Defeat Bossy McBossFace's First mate .,N/A,30
Wilderness,Complete the Medium Wilderness Diary.,Complete the Medium Wilderness achievements .,See Medium Wilderness achievements page,30
